{
  "feedback": [
    {
      "id": "1",
      "title": "First Port",
      "datetime": "APR 10, 2024 12:11.45 PM",
      "body": "First Post Details, This Post Is About React.React"
    },
    {
      "id": "2",
      "title": "Second Port",
      "datetime": "APR 14, 2025 12:17.49 AM",
      "body": "Second Post Details, This Post Is About React.React"
    },
    {
      "id": 3,
      "title": "java",
      "datetime": "Dec 11,2025 03:27:07",
      "body": "2\njava\n12:!@:!@!@:!@:!@:!@\nasxcdvf"
    },
    {
      "id": 4,
      "title": "python",
      "datetime": "Dec 11,2025 03:33:27",
      "body": "2\njhdcbdcb\nhjcbhdbcj\nkbdcjhcbhj"
    }
  ]
}